Mixture	CD4.positive..alpha.beta.T.cell	CD14.positive..CD16.negative.classical.monocyte	mature.neutrophil	cytotoxic.CD56.dim.natural.killer.cell	memory.B.cell	CD38.negative.naive.B.cell	macrophage	memory.CD4.positive.alpha.beta.T.cell	memory.CD8.positive.alpha.beta.T.cell	P-value	Correlation	RMSE
ascites7873R1	0.0387689110920738	0.0726827352836916	0.00457749802636997	0.0452011121349329	0.256382249390419	0	0.202236124643316	0.380151369429197	0	9999	0.742370640349191	0.713370331810253
ascites7873R2	0.0259412676034739	0.0691303003778195	0.00527835608146611	0.0686788383191013	0.294744779326718	0	0.199859153816656	0.336367304474764	0	9999	0.756100187122221	0.711322855503979
ascites7882R1	0.0253082470759866	0.0375996324875663	0.00174004192703064	0.0221464707805274	0.375108453526785	0	0.196556604901885	0.341540549300219	0	9999	0.742660221981531	0.728514452197969
ascites7882R2	0.0232196805022133	0.0432813827457127	0.00148553365948283	0.0295619159796566	0.405771594698911	0	0.161407321474006	0.335272570940017	0	9999	0.752161895554672	0.733701522945026
ascites7892R1	0.0504296609947044	0.0478260395955598	0.00403527244281759	0.0297588356393451	0.229546090995608	0	0.262026468000397	0.376377632331569	0	9999	0.848966991637029	0.609483081037037
ascites7892R2	0.0342570497391721	0.0514471998964047	0.00672464166939511	0.0209206175298799	0.282508806204126	0	0.25067877065218	0.353462914308842	0	9999	0.825134402175024	0.642706962237932
