	B Cells	Monocytes	NK	Neutrophils	T Cells
A	0.0233	0.43533	0.0	0.0	0.54137
B	0.00354	0.39323	0.0	0.0	0.60324
C	0.0	0.20737	0.0	0.07295	0.71968
D	0.0	0.24738	0.0	0.0	0.75262
E	0.0	0.2307	0.0	0.04017	0.72913
F	0.0	0.1575	0.0	0.0	0.8425
G	0.0171	0.27426	0.0	0.37985	0.32879
H	0.07348	0.52982	0.0	0.04468	0.35202
I	0.08511	0.55729	0.0	0.02835	0.32924
J	0.0	0.07943	0.0	0.0	0.92057
K	0.0	0.01493	0.0	0.0	0.98507
L	0.0	0.24405	0.0	0.04904	0.70691
